WST_ID,W_DATE,SRAD,TMAX,TMIN,RAIN,TDEW,WIND,RHAVD
ARVA,2013-01-01,2.49,8.8,-0.5,3.2,,3.23,96.06
ARVA,2013-01-02,2.79,6.9,-2.8,0.8,,2.39,97.31
ARVA,2013-01-03,1.09,9.1,4.8,0.4,,3.13,97.5
ARVA,2013-01-04,1.5,9.9,8.2,0.4,,1.81,97.94
ARVA,2013-01-05,0.68,7.6,7.1,1,,1.34,97.81
ARVA,2013-01-06,1.31,8.7,6.5,0.2,,1.24,96.88
ARVA,2013-01-07,1.11,5.4,-0.6,0,,1.02,92.38
ARVA,2013-01-08,0.98,4.2,2.9,0.4,,1.15,95.25
ARVA,2013-01-09,1.07,4.2,2.3,0.6,,1.79,94.44
ARVA,2013-01-10,0.93,5.4,2.9,3.2,,1.54,97.94
ARVA,2013-01-11,1.53,4.8,0.7,0.2,,1.63,94.94
ARVA,2013-01-12,2.01,5.6,-0.6,0,,2.32,94.81
ARVA,2013-01-13,2.66,3.7,0.7,0,,2.23,94
ARVA,2013-01-14,4.94,1.2,-3.3,10,,2.21,87.5
ARVA,2013-01-15,3.11,1.4,-2.6,2,,2.56,96
ARVA,2013-01-16,5.88,-3,-6.1,0,,2.43,92.12
ARVA,2013-01-17,5.51,-3.2,-8.9,0,,1.68,93.88
ARVA,2013-01-18,3.23,-2,-12,3,,2.52,93
ARVA,2013-01-19,3.06,-1,-4,3,,3.91,90.62
ARVA,2013-01-20,1.66,0,-3,3,,3.39,95.06
ARVA,2013-01-21,3.04,1.5,-3,4,,2.49,94.62
ARVA,2013-01-22,3.89,0.8,-0.8,0,,1.87,96.69
ARVA,2013-01-23,3.35,2,-1.8,0,,1.53,95.44
ARVA,2013-01-24,4.3,1.4,-3.4,0,,1.91,92.81
ARVA,2013-01-25,1.83,-3,-7,0,,1.73,93.56
ARVA,2013-01-26,2.41,1,-7,0,,2.88,95.44
ARVA,2013-01-27,1.22,4,-1,4,,3.88,97.38
ARVA,2013-01-28,3.16,8.7,-2,1,,3.83,97.81
ARVA,2013-01-29,0.92,12,5.2,9.5,,6.68,97.38
ARVA,2013-01-30,2.37,12.9,9.6,1.6,,6.2,94.31
ARVA,2013-01-31,2.83,9.7,2.3,1,,5.07,97.06
ARVA,2013-02-01,1.18,8.1,6.7,6.8,,4.02,96.88
ARVA,2013-02-02,4.25,5.9,1.4,0.6,,4.41,92.06
ARVA,2013-02-03,4.99,6.9,-0.1,2,,4.21,90
ARVA,2013-02-04,1.74,10.1,2.4,0.6,,4.7,93.94
ARVA,2013-02-05,3.92,6.1,0.4,16,,5.02,95.25
ARVA,2013-02-06,2.97,3.3,0,2,,4.56,93.75
ARVA,2013-02-07,3.92,5.2,-0.9,0.8,,3.42,94
ARVA,2013-02-08,4.41,3.3,-4.9,0,,2,94.81
ARVA,2013-02-09,6.99,3,-5,0,,0.84,88.62
ARVA,2013-02-10,8.07,2,-7,5,,4.85,84.19
ARVA,2013-02-11,4.27,3,-2,1,,2.55,96.38
ARVA,2013-02-12,6.31,2,-2,0,,1.85,87.88
ARVA,2013-02-13,6.25,0.6,-5.5,0,,1.45,82.69
ARVA,2013-02-14,1.89,2,-6,4,,2.86,91.44
ARVA,2013-02-15,2.92,5.9,0.5,1,,0.99,95.75
ARVA,2013-02-16,3.04,4.3,-1.6,0,,1.07,90.06
ARVA,2013-02-17,3.52,4.8,-0.7,0.2,,2.38,95.06
ARVA,2013-02-18,9.95,7,-4.9,0.2,,2.33,92.38
ARVA,2013-02-19,10.91,7.8,-8.9,0,,0.98,89.75
ARVA,2013-02-20,8.7,6.3,-4.4,0.2,,2.88,87.62
ARVA,2013-02-21,7.25,2.5,-5.2,0,,4.17,81.38
ARVA,2013-02-22,7.31,0.4,-5.5,0,,4.36,82.62
ARVA,2013-02-23,4.76,-0.6,-6.5,1,,3.64,89.62
ARVA,2013-02-24,5.12,1.6,-3.6,3,,3.14,92.5
ARVA,2013-02-25,4.55,2,-1,3,,1.55,96.69
ARVA,2013-02-26,6.62,4.1,-4.1,1.2,,2.53,93.62
ARVA,2013-02-27,2.47,5,1.6,0,,2.1,94.56
ARVA,2013-02-28,2.75,3.7,0.6,0,,1.86,92.75
ARVA,2013-03-01,2.28,3.4,2.2,0,,2.12,93
ARVA,2013-03-02,4.39,3.3,-2.2,0,,1.62,86.56
ARVA,2013-03-03,13.49,6.8,-9.9,0,,2.31,91.06
ARVA,2013-03-04,13.77,13.7,-4,0.2,,3.73,89.94
ARVA,2013-03-05,7.61,14.7,-2.1,0,,2.77,84.31
ARVA,2013-03-06,6.3,15.1,6.5,1.6,,1.65,84.56
ARVA,2013-03-07,3.57,12.5,6.5,0.2,,2.27,93.44
ARVA,2013-03-08,3.6,13.2,6.8,5,,3.09,94.25
ARVA,2013-03-09,10.47,15.9,6.2,0.2,,2.4,88.94
ARVA,2013-03-10,4.43,6.8,-1.5,0,,2.15,92.06
ARVA,2013-03-11,2.53,3.2,0.6,6.8,,3.75,93.31
ARVA,2013-03-12,3.14,0.7,-2.5,14,,4.03,94.12
ARVA,2013-03-13,16.43,0.9,-8.9,0,,2.64,87.75
ARVA,2013-03-14,9.83,3.9,-5,0,,2.34,89.25
ARVA,2013-03-15,14.8,5.9,-11.3,0,,2.37,83
ARVA,2013-03-16,6.86,7.2,-1.6,7.7,,4.31,82
ARVA,2013-03-17,5.4,8.6,2.4,1,,3.38,94.12
ARVA,2013-03-18,11.87,10.9,-2.1,1,,2.62,87.31
ARVA,2013-03-19,7.94,9.1,2,3.8,,3.35,91.19
ARVA,2013-03-20,6.36,8.8,2.3,1.8,,3.04,91.62
ARVA,2013-03-21,10.67,8.4,-5.1,0.2,,1.42,83.81
ARVA,2013-03-22,12.81,12.4,2.1,0.8,,4.87,83.56
ARVA,2013-03-23,4.96,7.1,2.7,3.6,,4,94
ARVA,2013-03-24,9.04,5.6,2.1,0,,4.16,84.88
ARVA,2013-03-25,13.62,6.1,-0.9,0,,3.3,82.44
ARVA,2013-03-26,13.07,4.6,-2.3,0,,2.89,81.19
ARVA,2013-03-27,8.8,3.9,-3,0,,2.45,81.81
ARVA,2013-03-28,7.29,5.7,-6,0,,1.55,83.69
ARVA,2013-03-29,13.52,6.9,-6.6,0,,1.16,82.5
ARVA,2013-03-30,12.03,7.6,-2.2,0,,2.82,85.88
ARVA,2013-03-31,12.52,6.2,-4.4,0,,2.53,82.5
ARVA,2013-04-01,19.52,9.6,-2.7,0,,4.05,78.12
ARVA,2013-04-02,20.21,10.1,-3,0,,3.48,77.12
ARVA,2013-04-03,11.47,8.3,-3.6,0,,2.99,84.19
ARVA,2013-04-04,13.65,11.2,-2.9,0,,4.08,81.94
ARVA,2013-04-05,12.67,9.4,0.3,0,,2.91,84.75
ARVA,2013-04-06,7.7,7.4,2.1,0,,2.7,84.06
ARVA,2013-04-07,19.63,11.4,-3.8,0.2,,2.39,77.06
ARVA,2013-04-08,10.82,10.4,-1.3,0.4,,1.9,84
ARVA,2013-04-09,8.33,13.9,-2.9,9,,3.64,92.5
ARVA,2013-04-10,9.65,13.1,6.7,0.4,,4.73,87.69
ARVA,2013-04-11,9.11,15.6,9.6,3.6,,4.28,90.25
ARVA,2013-04-12,10.25,15,8.1,4.6,,5.2,88.19
ARVA,2013-04-13,12.77,15.5,4.8,0.6,,3.04,86.38
ARVA,2013-04-14,21.3,24.7,10.5,0,,3.12,81.94
ARVA,2013-04-15,10.45,19.7,6.1,0.2,,1.61,86.81
ARVA,2013-04-16,15.71,19.8,3.5,0,,1.8,81.75
ARVA,2013-04-17,19.76,23.7,9.6,0,,2.45,80.25
ARVA,2013-04-18,16.07,18.1,9.5,0,,3.59,77.31
ARVA,2013-04-19,19.18,14.8,3,0,,2.53,81.25
ARVA,2013-04-20,17.35,14.4,4,0,,3.92,80.12
ARVA,2013-04-21,9.17,13.4,5.4,0,,1.17,75.94
ARVA,2013-04-22,24.16,16.8,-0.4,0,,1.63,73
ARVA,2013-04-23,14.39,17.5,-1.1,0.2,,1.9,80.69
ARVA,2013-04-24,24.05,22.6,-0.9,0,,1.2,74.06
ARVA,2013-04-25,24.66,25,1.9,0.4,,1.44,68.88
ARVA,2013-04-26,3.15,16,5.6,14.3,,3.07,87.12
ARVA,2013-04-27,11.78,10.6,4,0.6,,2.79,83.38
ARVA,2013-04-28,7.42,9.6,5,1.4,,1.57,83.75
ARVA,2013-04-29,23.28,16.2,-2.6,0,,1.74,74.69
ARVA,2013-04-30,7.19,12.8,4.5,1.2,,3.11,87.69
ARVA,2013-05-01,11.68,18.6,7.7,4.4,,2.44,92.19
ARVA,2013-05-02,16.3,18.6,4.2,5.4,,1.26,81.38
ARVA,2013-05-03,3.34,13,9.6,6.9,,2.52,88.12
ARVA,2013-05-04,23.07,16.2,6.6,0.2,,2.29,81.56
ARVA,2013-05-05,24.44,20.1,1.2,0,,0.97,74.25
ARVA,2013-05-06,9.75,15.8,4.3,10.9,,1.39,85.81
ARVA,2013-05-07,11.65,17.6,10.6,0.2,,1.28,82.06
ARVA,2013-05-08,11.46,18.3,7.2,7.7,,2.91,89.5
ARVA,2013-05-09,14.58,17.8,11.1,0.2,,2.07,88.25
ARVA,2013-05-10,11.2,14.3,5.1,0,,2.98,85.06
ARVA,2013-05-11,16.86,17.3,9.5,5.4,,3.18,82.62
ARVA,2013-05-12,18.54,15.1,6.4,0.6,,3.52,77.31
ARVA,2013-05-13,10.25,15.5,9.3,0.4,,4.03,85.88
ARVA,2013-05-14,14.49,16.7,9,4.4,,2.14,86.5
ARVA,2013-05-15,14.76,15.1,9.6,7.1,,2.23,81.88
ARVA,2013-05-16,8.53,13.1,8.4,5.3,,1.84,91.38
ARVA,2013-05-17,12.55,13.7,6.5,0,,1.59,85.81
ARVA,2013-05-18,18.55,17.7,3,2.2,,1.47,81.94
ARVA,2013-05-19,5.66,13,10.1,15,,1.29,88.38
ARVA,2013-05-20,4.23,11.8,8.9,12,,3.02,92.44
ARVA,2013-05-21,4.62,12,9.6,4.6,,2.2,90.88
ARVA,2013-05-22,11.07,13.9,7.4,3.4,,3.21,82.81
ARVA,2013-05-23,14.24,10.4,4.2,4,,3.16,83.88
ARVA,2013-05-24,17.54,12.3,-1.4,0.2,,2.05,86.31
ARVA,2013-05-25,21.83,14.7,4,2,,2.6,78.81
ARVA,2013-05-26,10.71,14.9,6,0.4,,2.89,82.62
ARVA,2013-05-27,29.61,18.9,0.6,0,,1.52,71.88
ARVA,2013-05-28,11.93,17.5,4.6,4,,2.62,86.94
ARVA,2013-05-29,12.7,14.4,6.5,8,,1.66,85.31
ARVA,2013-05-30,8.76,14.7,7.5,1.6,,1.05,86.56
ARVA,2013-05-31,8.03,16.7,6.5,0.6,,3.88,92.56
ARVA,2013-06-01,25.49,20.5,9.2,0,,4.05,83.38
ARVA,2013-06-02,29.29,18.8,6.5,0,,3.81,74.56
ARVA,2013-06-03,25.18,16.8,5.2,0,,3.29,77.12
ARVA,2013-06-04,29.84,20,6.1,0,,2.68,74.69
ARVA,2013-06-05,29.3,24.2,6,0,,1.88,76.25
ARVA,2013-06-06,27.54,27.2,6.6,0,,2.33,79.88
ARVA,2013-06-07,29.42,26.8,7.6,0,,2.25,72.62
ARVA,2013-06-08,26.14,27.3,9.7,10.7,,2.23,78.5
ARVA,2013-06-09,9.88,17.7,15,2.2,,1.75,91.19
ARVA,2013-06-10,13.77,18.9,11.6,0,,1.77,84.12
ARVA,2013-06-11,17.71,21.6,5.1,0,,1.9,83.88
ARVA,2013-06-12,11.43,21.9,11.1,0,,2.81,87.06
ARVA,2013-06-13,6.77,20.5,12.1,12.1,,3.41,90.12
ARVA,2013-06-14,20.46,19.8,7.7,0,,1.22,79.19
ARVA,2013-06-15,19.26,20,5,0,,3.04,79.88
ARVA,2013-06-16,27.06,24.1,4.9,0,,1.59,73.56
ARVA,2013-06-17,25.44,29.4,11.8,1.4,,2.8,80.94
ARVA,2013-06-18,20.66,29.7,14.6,0.4,,1.45,82.06
ARVA,2013-06-19,21.16,27.4,18.8,13.5,,1.83,90.69
ARVA,2013-06-20,14.08,24.1,16.6,18.8,,2.58,88.94
ARVA,2013-06-21,13.95,18.7,12.9,0,,3.53,86.25
ARVA,2013-06-22,12.61,18.8,12.7,0.2,,4.55,84.31
ARVA,2013-06-23,16.3,18,13.2,12.4,,4.41,84.19
ARVA,2013-06-24,12.95,15.8,11.6,0.8,,2.99,81.75
ARVA,2013-06-25,16.71,17.5,5.1,0.6,,1.94,81.62
ARVA,2013-06-26,23.64,18.9,5.3,1,,1.84,75.19
ARVA,2013-06-27,20.05,17.6,8.7,0.8,,2.17,77.31
ARVA,2013-06-28,11.66,17.1,6,7.9,,2.3,83.62
ARVA,2013-06-29,19.41,20.2,13.8,0.2,,2.92,85.19
ARVA,2013-06-30,23.36,23.2,9,0,,0.97,75.81
ARVA,2013-07-01,24.66,24.5,9.2,0.2,,1.69,80.62
ARVA,2013-07-02,22.27,26.5,10.3,3.2,,1.52,80
ARVA,2013-07-03,9.28,20.2,15.1,8.1,,3.09,88.62
ARVA,2013-07-04,20.83,22.2,13.5,0,,1.55,83.38
ARVA,2013-07-05,23.5,24.4,13.6,0,,1.6,82.81
ARVA,2013-07-06,27.75,27.3,9.3,0.2,,2.16,80.69
ARVA,2013-07-07,29.75,28.3,13.8,0,,2.91,77.75
ARVA,2013-07-08,30.43,28.5,13.7,0.2,,2.9,78.31
ARVA,2013-07-09,28.65,28.1,14.2,0,,2.69,79.25
ARVA,2013-07-10,28.92,27,14.7,0,,3,79.25
ARVA,2013-07-11,29.37,23.1,11.3,0.2,,2.98,77.44
ARVA,2013-07-12,29.57,24.4,8.3,0.2,,2.42,78.31
ARVA,2013-07-13,27.39,23.3,9.9,0,,2.41,80
ARVA,2013-07-14,29.49,27.1,7.7,0,,1.8,77.94
ARVA,2013-07-15,26.26,27.9,9.9,0,,1.2,76.31
ARVA,2013-07-16,26.62,29.2,8.3,0,,1.38,74.19
ARVA,2013-07-17,24.99,29.4,13.3,0,,2.12,74.94
ARVA,2013-07-18,27.92,30.5,14.1,0,,2.87,74.69
ARVA,2013-07-19,28.85,31,16.4,0,,3.25,72.12
ARVA,2013-07-20,29.35,31,14.4,0,,2.5,73.69
ARVA,2013-07-21,28.44,33.3,12.6,0,,1.66,69.25
ARVA,2013-07-22,21.52,34.2,14.8,27.7,,0.93,71.12
ARVA,2013-07-23,23.43,32.7,12.4,0.6,,0.84,71.88
ARVA,2013-07-24,20.4,28.7,18.5,1.2,,1.34,79.56
ARVA,2013-07-25,25.51,30.9,14.9,10.6,,1.86,71.81
ARVA,2013-07-26,18.05,31.1,16.9,20.4,,1.7,84.94
ARVA,2013-07-27,21.7,32.6,19.3,8.4,,1.81,83.69
ARVA,2013-07-28,16.27,25.5,18.1,0,,2.1,81.81
ARVA,2013-07-29,19.71,25.3,14.9,1.4,,2.61,81.75
ARVA,2013-07-30,14.45,23.8,14.5,0,,3.66,81.94
ARVA,2013-07-31,17.46,27.1,17.1,0,,2.4,79.38
ARVA,2013-08-01,28.57,34,11.6,0,,2.47,73.88
ARVA,2013-08-02,26.75,36.8,16.5,5.4,,2.86,71.5
ARVA,2013-08-03,24.13,26.5,17.9,0.2,,2.21,71.25
ARVA,2013-08-04,25.32,28.8,9.2,0,,1.43,61.56
ARVA,2013-08-05,23.61,31.9,10.4,0.2,,2.08,72.38
ARVA,2013-08-06,19.26,25.9,12.6,1.6,,1.46,76.94
ARVA,2013-08-07,9.24,20.9,15.3,5.9,,2.4,85.19
ARVA,2013-08-08,19.33,23.5,13.6,0,,2.45,75.94
ARVA,2013-08-09,20.41,25.9,7.3,1.2,,2,74.88
ARVA,2013-08-10,20.16,23.4,8,0,,2.14,74
ARVA,2013-08-11,23,24.5,5.7,0.2,,1.26,68.69
ARVA,2013-08-12,16.9,24,7.6,0,,2.2,76.25
ARVA,2013-08-13,19.28,21.7,4.8,0,,1.93,73.31
ARVA,2013-08-14,21.5,23,7.8,0,,1.06,67.5
ARVA,2013-08-15,24.78,26.5,4.8,0.2,,1.04,63.56
ARVA,2013-08-16,25.18,29.7,6.1,0,,1.59,61.56
ARVA,2013-08-17,19.99,27.1,12.6,1.6,,2.15,69
ARVA,2013-08-18,9.06,23.5,16.8,6,,3.16,80.06
ARVA,2013-08-19,19.19,23.2,11.9,0,,3.02,72.12
ARVA,2013-08-20,24.66,23.1,3.9,0.2,,1.27,67.5
ARVA,2013-08-21,24.48,25.3,4.9,0,,1.68,60.94
ARVA,2013-08-22,20.37,26.1,7.6,0,,2.07,63.12
ARVA,2013-08-23,23.5,29.5,10.2,1.6,,2.3,63.88
ARVA,2013-08-24,11.66,22.8,14.1,10.3,,2.07,84.62
ARVA,2013-08-25,10.8,18.3,13.2,1.6,,2.41,84
ARVA,2013-08-26,8.11,19.8,8.1,2,,2.27,84.12
ARVA,2013-08-27,13.39,23.4,11.3,0.4,,1.46,78.69
ARVA,2013-08-28,20.72,23.7,9.3,0.2,,2.27,68.44
ARVA,2013-08-29,20.9,25.1,6,0,,1.16,68.31
ARVA,2013-08-30,19.23,24.6,6.7,0,,1.39,69.38
ARVA,2013-08-31,8.84,22.4,7.5,0.2,,2.32,77.31
ARVA,2013-09-01,18.28,19.3,7.7,0,,2.28,70.94
ARVA,2013-09-02,21.29,23.2,2.5,0.2,,1.88,72
ARVA,2013-09-03,21.78,26.2,5.3,0.2,,0.91,71.19
ARVA,2013-09-04,21.57,29.6,9.8,0,,1.43,69.94
ARVA,2013-09-05,21.4,32.2,9.4,0.2,,1.91,66.56
ARVA,2013-09-06,16.98,28,9.8,3.6,,2.3,74.25
ARVA,2013-09-07,7.89,17.7,14.3,5.4,,1.42,79.88
ARVA,2013-09-08,15.09,20.8,11.3,0.2,,2.1,78.75
ARVA,2013-09-09,8.42,17.1,4,10.3,,3.48,79.56
ARVA,2013-09-10,15.63,17.9,8.6,1,,3.23,79.56
ARVA,2013-09-11,8.3,18.3,10.2,9.8,,3.51,85.38
ARVA,2013-09-12,11.28,18.2,7.9,0.2,,2.06,79.25
ARVA,2013-09-13,6.61,17.6,6.6,2.4,,2.12,85.12
ARVA,2013-09-14,3.93,16.4,13.9,8.8,,2.73,93.38
ARVA,2013-09-15,13.83,18.3,11.8,4.6,,3.68,75.94
ARVA,2013-09-16,11.33,16.6,10.3,1,,3.84,77.81
ARVA,2013-09-17,8.6,16.3,6.2,14.1,,4.94,84.56
ARVA,2013-09-18,7.94,18.3,11.2,2.4,,4.49,86.38
ARVA,2013-09-19,11.97,16.8,3.8,1.6,,2.61,77.88
ARVA,2013-09-20,15.01,20.4,11.5,0.2,,2.29,81.38
ARVA,2013-09-21,14.95,21.3,3.4,0,,1.09,78.19
ARVA,2013-09-22,7.67,18,6.5,0.2,,0.88,81.94
ARVA,2013-09-23,17.61,22.1,6.9,0.2,,1.52,81.25
ARVA,2013-09-24,17.67,23.3,3.2,0.2,,1.39,78.19
ARVA,2013-09-25,13.31,24.2,6.3,0.4,,1.35,80.19
ARVA,2013-09-26,12.33,21.2,10,0,,1.61,83.19
ARVA,2013-09-27,13.88,21.9,6.8,0.2,,2.05,82.75
ARVA,2013-09-28,9.06,19.9,8,0,,3.31,88.06
ARVA,2013-09-29,8.02,20.6,14.8,0,,2.71,84.31
ARVA,2013-09-30,15.37,19.3,6.9,0,,2.34,75.25
ARVA,2013-10-01,11.95,18,6.7,0,,2.77,76.69
ARVA,2013-10-02,12.01,20.4,8.3,0,,3.37,79.25
ARVA,2013-10-03,10.46,23.2,9.2,4.6,,3.77,86.88
ARVA,2013-10-04,6.52,22.1,16.6,1.6,,2.51,88.88
ARVA,2013-10-05,3.14,16.8,15.1,1.4,,2.2,91.88
ARVA,2013-10-06,8.01,19.7,11.7,0,,1.62,85.12
ARVA,2013-10-07,11.49,19,4.4,0.2,,1.37,83.81
ARVA,2013-10-08,7.21,18.3,12.5,0,,0.94,80.75
ARVA,2013-10-09,5.87,17.6,8,4,,2.45,89.38
ARVA,2013-10-10,6.52,10.6,4.8,4,,4.04,90.31
ARVA,2013-10-11,6.74,11.4,5,0.8,,1.68,87.62
ARVA,2013-10-12,6.46,10.7,2.6,0,,1.46,86.5
ARVA,2013-10-13,9.67,14.3,-0.8,0.2,,3.23,83.56
ARVA,2013-10-14,4.66,15.4,4,21,,3.2,89.94
ARVA,2013-10-15,8.22,14.9,5.7,0.2,,2.72,89.19
ARVA,2013-10-16,3.71,12,-0.4,4.4,,2.59,95
ARVA,2013-10-17,7.12,17.5,8.3,0.2,,3.12,89.56
ARVA,2013-10-18,6.38,17.4,8.4,0.2,,2.07,90.44
ARVA,2013-10-19,7.27,20.3,7.5,1.2,,3.05,93.5
ARVA,2013-10-20,6.14,18.9,12.4,0.4,,3.14,94.81
ARVA,2013-10-21,6.77,20,10.4,0.2,,2.74,93
ARVA,2013-10-22,9.47,24.7,11.1,12.8,,3.39,89.81
ARVA,2013-10-23,8.97,19.9,14.1,0.2,,4.07,86.94
ARVA,2013-10-24,6.98,17.3,10.6,0.2,,2.18,90.06
ARVA,2013-10-25,4.16,21.2,10.1,18.5,,3.84,89.69
ARVA,2013-10-26,4.87,19.2,14.4,0,,3.63,94.69
ARVA,2013-10-27,6.66,16.4,12.9,15.5,,6.16,88.75
ARVA,2013-10-28,4.16,16.6,11.7,0,,6.67,83.12
ARVA,2013-10-29,10.11,14.3,6.7,0.2,,3.63,85.06
ARVA,2013-10-30,9.58,14.4,0.6,0.2,,1.72,90.56
ARVA,2013-10-31,9.61,13.9,-3.5,0.2,,2.14,85.94
ARVA,2013-11-01,1.72,12.4,6.9,20.1,,3.13,90.94
ARVA,2013-11-02,3.57,15.5,8.6,3.2,,5,92.06
ARVA,2013-11-03,6.7,11.9,8.1,9.5,,5.12,86.19
ARVA,2013-11-04,4.02,14.2,7.7,2.4,,5.38,91.31
ARVA,2013-11-05,1.77,10.3,0.3,10.5,,4.29,94.25
ARVA,2013-11-06,3.52,16.1,9.2,0.8,,4.64,95.06
ARVA,2013-11-07,4.29,15.8,12.9,6.3,,4.98,93
ARVA,2013-11-08,1.96,12.5,9.8,5.4,,3.45,94
ARVA,2013-11-09,6.36,11.8,5.9,11.9,,4.68,89.31
ARVA,2013-11-10,4.47,9.6,5.1,2.8,,3.59,91.81
ARVA,2013-11-11,3.63,4.7,-3,0.2,,1.48,88.44
ARVA,2013-11-12,3.69,9.4,1.3,1.6,,1.8,87.06
ARVA,2013-11-13,7.92,10.6,-0.5,0,,2.13,90.31
ARVA,2013-11-14,1.42,6.4,-4.1,5,,2.46,97.75
ARVA,2013-11-15,4.38,9.9,4.7,0,,3.86,91.38
ARVA,2013-11-16,1.93,5.2,0,0,,1.98,92.94
ARVA,2013-11-17,1.06,5.4,2.3,0.2,,1.8,94.62
ARVA,2013-11-18,1.77,6.4,3.9,0.2,,1.05,92.38
ARVA,2013-11-19,0.9,5.7,2.5,3.8,,2.6,95.94
ARVA,2013-11-20,5.17,7.6,0.8,6,,4.12,90.19
ARVA,2013-11-21,1.99,3.3,0.3,0,,1.55,95.06
ARVA,2013-11-22,1.13,4.6,2.2,0,,3.93,95.12
ARVA,2013-11-23,1.4,6.1,3.8,0,,3.51,95.12
ARVA,2013-11-24,5.39,7.6,1.2,0.2,,3.55,94.94
ARVA,2013-11-25,2.46,6.3,3.6,0,,2.54,95.31
ARVA,2013-11-26,2.93,3.9,-3.9,0.4,,1.73,90.75
ARVA,2013-11-27,5.53,5.4,-1.9,0,,1.19,93.06
ARVA,2013-11-28,1.25,4.3,-5.3,0.4,,0.73,91.06
ARVA,2013-11-29,1.26,7.5,3.2,0.6,,2.44,97.19
ARVA,2013-11-30,3.29,8.5,-1.2,0.2,,2.34,96.06
ARVA,2013-12-01,3.56,6.6,-1,0.2,,1.73,95.5
ARVA,2013-12-02,5.22,9.4,-1.1,0,,2.88,92
ARVA,2013-12-03,6.2,5.4,-7.7,0,,1.27,95.81
ARVA,2013-12-04,1.67,4.6,-5,0.6,,1.53,98
ARVA,2013-12-05,4.01,7.8,3,1.4,,3.23,95.25
ARVA,2013-12-06,4.03,6.4,1,0.2,,2.74,92.69
ARVA,2013-12-07,1.85,6.1,1,0.8,,2.48,98.31
ARVA,2013-12-08,2.54,8.3,2.2,0.2,,2.16,97.88
ARVA,2013-12-09,5.37,6.1,-6.2,0.2,,1.45,95.44
ARVA,2013-12-10,5.82,8.4,-8.8,0.2,,1.46,96.94
ARVA,2013-12-11,5.84,7.3,-7.1,0,,1.96,95.94
ARVA,2013-12-12,3.72,2.4,-4.7,0.2,,2.12,96.44
ARVA,2013-12-13,5.27,3.7,-9.4,3,,2.31,96.88
ARVA,2013-12-14,4.54,7.8,0.5,0,,2.82,98.31
ARVA,2013-12-15,3.91,10.1,1.8,0,,3.47,95.44
ARVA,2013-12-16,5.12,10,-3.1,0.2,,3.34,93.75
ARVA,2013-12-17,4.76,9.6,0.2,0.2,,3.22,95.75
ARVA,2013-12-18,1.87,10.5,-1,7.7,,3.66,96.25
ARVA,2013-12-19,2.79,11,6,0.2,,3.99,91.94
ARVA,2013-12-20,4.82,9.2,-2.6,0.2,,2.45,96.5
ARVA,2013-12-21,2.72,6.9,-0.1,2,,4.38,91.81
ARVA,2013-12-22,0.66,9.1,3.5,8.9,,5.57,94.12
ARVA,2013-12-23,3.14,10.5,6.6,0.8,,5.32,91.5
ARVA,2013-12-24,1.13,11.6,8.5,10.9,,8.52,83.81
ARVA,2013-12-25,1.61,8,6.5,2.4,,3.72,95.06
ARVA,2013-12-26,2.17,7.4,2.3,0.4,,2.05,96.94
ARVA,2013-12-27,1.66,11.6,1.8,5,,6.16,93.44
ARVA,2013-12-28,0.99,9.6,5.2,10.8,,3.66,95.31
ARVA,2013-12-29,2.84,8.6,0.3,0.8,,3.2,95.69
ARVA,2013-12-30,3.12,5.4,0.3,0.2,,3.92,91.38
ARVA,2013-12-31,2.86,7.6,3.9,2.6,,3.95,88.69
ARVA,2014-01-01,2.63,9.4,3.1,2.6,,5.05,92.38
ARVA,2014-01-02,3.74,11.3,6.4,2,,5.02,94
ARVA,2014-01-03,3.61,14.1,5.7,0,,5.39,92.94
ARVA,2014-01-04,1.72,10.3,5.8,3.6,,4.07,96.44
ARVA,2014-01-05,2.5,9.8,2.3,0,,3.71,92.38
ARVA,2014-01-06,1.57,12.9,5.5,2.6,,5.32,91.56
ARVA,2014-01-07,3.88,13.8,6.9,1.4,,4.02,96.19
ARVA,2014-01-08,4.49,12.7,6.6,0,,3.03,95.88
ARVA,2014-01-09,1.02,10.9,7.6,0.4,,4.52,93.94
ARVA,2014-01-10,2.26,6.3,0.9,0.2,,2.06,96.88
ARVA,2014-01-11,4.07,10.9,-3.2,0.4,,1.4,97.81
ARVA,2014-01-12,1.76,5.4,-2.7,0.2,,2.89,95.38
ARVA,2014-01-13,2.83,9.4,0.6,6.5,,2.75,97.56
ARVA,2014-01-14,1.87,6.2,-0.7,0.8,,2.84,97
ARVA,2014-01-15,1.23,6.9,-3.6,2.6,,3.86,97
ARVA,2014-01-16,1.42,8.6,5.3,1.6,,4.54,95.75
ARVA,2014-01-17,6.23,11.8,3.7,0.2,,4.1,93.25
ARVA,2014-01-18,5.24,10.8,-2.4,0,,4.08,90.88
ARVA,2014-01-19,2.47,9.3,5.3,13.5,,2.18,95.69
ARVA,2014-01-20,1.43,5.5,4.3,7.9,,2.66,97.12
ARVA,2014-01-21,1.42,2.7,1.1,0,,1.93,96.38
ARVA,2014-01-22,5.49,5.4,-0.1,0.8,,1.67,93.69
ARVA,2014-01-23,2.49,7,1.3,3.2,,2.91,97.88
ARVA,2014-01-24,7.1,8,-3.9,0,,1.55,96.69
ARVA,2014-01-25,4.35,7.4,-6.3,0.8,,3.16,89.44
ARVA,2014-01-26,2.32,8.1,-0.4,12.5,,4.7,96.56
ARVA,2014-01-27,2.57,4.6,1.4,2.6,,4.71,94.81
ARVA,2014-01-28,2.13,4.6,0.9,0.6,,4.51,94.94
ARVA,2014-01-29,2.64,5.5,1.4,0.6,,4.52,89.56
ARVA,2014-01-30,3.03,7.5,3.2,1,,1.77,93.81
ARVA,2014-01-31,7.41,6.6,-5.8,1.8,,2.66,94.5
ARVA,2014-02-01,1.57,6.7,3.6,8.1,,4.45,96.06
ARVA,2014-02-02,8.26,8.9,-1.6,0.2,,2.4,97.12
ARVA,2014-02-03,8.4,7.1,-6.4,0.2,,3,94.06
ARVA,2014-02-04,7.14,10.2,1.1,1.4,,4.17,92.88
ARVA,2014-02-05,4.62,10,3.9,0.4,,6.08,91.69
ARVA,2014-02-06,3.13,11.1,3.8,0.8,,5.45,91.19
ARVA,2014-02-07,4.44,10.8,3.8,0.2,,7.02,84.25
ARVA,2014-02-08,1.66,7.8,2.6,6.6,,6.27,92
ARVA,2014-02-09,7.25,8.6,3,1.2,,5.91,88.75
ARVA,2014-02-10,2,6.1,1.5,2.8,,3.05,94.44
ARVA,2014-02-11,7.42,8.9,0.2,2.6,,3.88,92.44
ARVA,2014-02-12,9.34,8.9,1.3,2,,5.04,89.62
ARVA,2014-02-13,2.32,7.6,5,10.1,,4.62,94.69
ARVA,2014-02-14,2.04,12.1,0.3,0.8,,5.01,94.19
ARVA,2014-02-15,4.84,10.7,7.6,0,,5.71,93.06
ARVA,2014-02-16,9.28,11.3,4.6,0,,3.65,92.88
ARVA,2014-02-17,8.6,12.2,-0.3,0,,2.46,94.06
ARVA,2014-02-18,3.91,8.5,1.7,0.4,,2.4,92.69
ARVA,2014-02-19,3.62,9.5,1.5,2.8,,2.13,97.38
ARVA,2014-02-20,2.89,9.7,-0.7,4,,4.32,96.62
ARVA,2014-02-21,8.23,10.3,3.5,0.4,,3.98,89.19
ARVA,2014-02-22,3.27,7.8,-0.6,4.4,,2.94,97
ARVA,2014-02-23,9.11,11.9,1.1,0.2,,2.69,90.12
ARVA,2014-02-24,12.15,15.4,2,0,,3.58,88.94
ARVA,2014-02-25,5.98,13.4,4.2,0.4,,4.12,90.38
ARVA,2014-02-26,8.81,12,5.1,0,,1.61,89
ARVA,2014-02-27,2.99,6.3,-3,10.9,,3.77,95.62
ARVA,2014-02-28,2.95,6.8,2.4,13.3,,2.99,96.69
ARVA,2014-03-01,2.84,5.8,3.4,1.4,,1.74,93.88
ARVA,2014-03-02,8.76,7.7,-6.4,4.4,,2.21,84.81
ARVA,2014-03-03,9.96,11.4,3.8,1.2,,4.1,89.25
ARVA,2014-03-04,8.43,10.3,-1.7,0,,1.2,91.56
ARVA,2014-03-05,13.03,11.5,-4,0,,1.45,88.38
ARVA,2014-03-06,15.03,14.1,-6.2,0.2,,1.63,83.69
ARVA,2014-03-07,13.52,14.9,-6.7,0.2,,1.36,81.75
ARVA,2014-03-08,15.73,18.5,-5.2,0,,3.13,86.19
ARVA,2014-03-09,15.98,20.1,-1.3,0,,2.27,85.38
ARVA,2014-03-10,15.87,18.7,-2.5,0.2,,2.13,85.81
ARVA,2014-03-11,15.27,18.6,3.6,0.2,,2.82,86.5
ARVA,2014-03-12,16.04,18.5,-1.8,0,,2.3,83.5
ARVA,2014-03-13,15.37,19.2,-3.6,0.2,,1.09,77.88
ARVA,2014-03-14,16.3,20.1,-3.8,0.2,,1.28,77.25
ARVA,2014-03-15,3.03,10.8,-2,0,,2.98,90.5
ARVA,2014-03-16,17.69,18.4,0.1,0,,2.65,92.56
ARVA,2014-03-17,5.34,11.3,-3.1,0.2,,1.53,96.06
ARVA,2014-03-18,8.51,14.6,6.2,0,,2.57,91.62
ARVA,2014-03-19,14.05,17,2.7,0,,2.41,88.75
ARVA,2014-03-20,18.5,20.4,-4.1,0.2,,3.27,84.62
ARVA,2014-03-21,7.08,14.8,7.1,0.2,,3.84,90.44
ARVA,2014-03-22,9.66,12.3,6,2.4,,3.7,85.94
ARVA,2014-03-23,12.72,11.1,-0.9,5.8,,2.59,88
ARVA,2014-03-24,13.84,10.5,1.3,0.4,,1.49,80.5
ARVA,2014-03-25,15.35,11.8,-5.5,0,,1.84,80.06
ARVA,2014-03-26,16.79,11.8,-3.3,0.4,,1.83,80.25
ARVA,2014-03-27,18.12,13.3,-7.1,0,,0.87,73.25
ARVA,2014-03-28,18.18,17,-4.3,0,,1.18,74.44
ARVA,2014-03-29,19.51,21.5,-2.5,0.2,,2.4,79.31
ARVA,2014-03-30,10.67,19.3,1.7,0,,1.45,71.5
ARVA,2014-03-31,15.99,21.3,0.6,0,,1.32,75.62
ARVA,2014-04-01,17.73,21.1,0.9,0,,1.05,76
ARVA,2014-04-02,17.34,19.8,2.5,0,,2.36,85.12
ARVA,2014-04-03,8.77,20.2,8,0.2,,2.61,73.25
ARVA,2014-04-04,4.76,14.7,9.2,0.4,,2.03,83.81
ARVA,2014-04-05,18.76,18.8,8.6,0,,1.75,77.44
ARVA,2014-04-06,11.15,19.6,1.4,0.2,,1.99,89.06
ARVA,2014-04-07,18.09,22.7,6.1,0,,3.07,83.19
ARVA,2014-04-08,14.69,14.7,6.9,0,,3.93,79.38
ARVA,2014-04-09,19.42,15.8,-3.5,0,,1.18,76.25
ARVA,2014-04-10,22.73,19.6,-3,0.2,,0.94,73.75
ARVA,2014-04-11,21.94,19.6,0.4,0,,2.24,79.94
ARVA,2014-04-12,20.55,17.3,3.5,0,,2.07,81.94
ARVA,2014-04-13,14.87,15.7,2.5,0.2,,1.75,83.75
ARVA,2014-04-14,18.98,15.1,2.1,0,,3.08,80.69
ARVA,2014-04-15,22.77,13.3,-4.1,0,,2.56,78.19
ARVA,2014-04-16,24.97,15.8,-4.2,0,,2.66,72.75
ARVA,2014-04-17,24.6,19.3,-4.2,0.2,,1.5,69.62
ARVA,2014-04-18,18.07,14.4,6.2,0,,3.29,76.75
ARVA,2014-04-19,12.5,12.9,1.4,0,,2.84,80.62
ARVA,2014-04-20,22.54,18.7,7.2,0,,1.68,71.81
ARVA,2014-04-21,15.16,15.8,1.2,0,,1.49,86
ARVA,2014-04-22,15.36,20.6,8.9,2.8,,1.37,81.81
ARVA,2014-04-23,21.95,22.2,1.6,1.2,,1.11,78.75
ARVA,2014-04-24,21.88,21.7,10.2,0,,1.25,82.69
ARVA,2014-04-25,15.09,19,8.2,0.2,,2.59,86.25
ARVA,2014-04-26,14.21,17.1,3.2,0.8,,2.13,89.25
ARVA,2014-04-27,11.93,14.6,1.2,1.6,,3.11,85.44
ARVA,2014-04-28,14.12,16.7,7.5,0,,1.68,80.81
ARVA,2014-04-29,17.58,18,3.9,0,,1.49,81.75
ARVA,2014-04-30,19.37,20.7,7.9,0.2,,1.53,81.12
ARVA,2014-05-01,14.89,18.2,6.6,13.5,,1.52,87.12
ARVA,2014-05-02,15.67,18.2,6.5,0.2,,3.31,84.12
ARVA,2014-05-03,19.51,15.5,5.9,0,,3.3,72.25
ARVA,2014-05-04,27.23,17.2,-2.8,0,,1.25,66.38
ARVA,2014-05-05,27.68,22.6,-1.9,0,,1.87,67.38
ARVA,2014-05-06,15.27,20.9,8,4.2,,3.99,82.5
ARVA,2014-05-07,17.61,18.5,10.3,3.2,,3.16,84.56
ARVA,2014-05-08,9.56,15.4,4.6,4.4,,3.88,83.69
ARVA,2014-05-09,19.49,20.2,12.3,0.4,,4.02,79.19
ARVA,2014-05-10,7.34,15.3,6.2,8.2,,3.92,89.62
ARVA,2014-05-11,18.98,14.4,7,1.4,,4.84,80.25
ARVA,2014-05-12,17.06,14.6,5.7,2.6,,3.47,87.06
ARVA,2014-05-13,16.27,14.3,3.4,1.2,,2.54,86.38
ARVA,2014-05-14,19.85,16.1,-0.3,6,,1.95,81.44
ARVA,2014-05-15,25.39,15.1,0.4,0.2,,3.12,75.12
ARVA,2014-05-16,29.33,20.1,1.1,0,,3.02,76.56
ARVA,2014-05-17,29.35,21.8,4.4,0,,2.09,74.81
ARVA,2014-05-18,29.03,23.3,2.9,0.2,,1.47,72.88
ARVA,2014-05-19,29.45,26.1,4.2,0,,3.23,73.69
ARVA,2014-05-20,21.8,23.9,14.5,0.2,,2.83,79.56
ARVA,2014-05-21,8.76,23.9,10,2.8,,2.97,85.81
ARVA,2014-05-22,15.68,19.7,12.2,0.4,,2.86,83.38
ARVA,2014-05-23,21.1,21.8,7.3,4.3,,2.53,76.75
ARVA,2014-05-24,20.9,19.8,9.3,0,,3.52,78.88
ARVA,2014-05-25,26.36,21.9,2.9,2.8,,1.2,76.31
ARVA,2014-05-26,12.54,19.7,11.4,2,,0.91,87.19
ARVA,2014-05-27,9.94,18.4,10.9,0.4,,3.03,85.88
ARVA,2014-05-28,18.09,20.2,7.5,0.8,,2.09,82.62
ARVA,2014-05-29,17.07,20,9.6,0.2,,1.38,77
ARVA,2014-05-30,18.35,21.4,3.2,0,,1.39,76.88
ARVA,2014-05-31,30.58,21.1,6.1,0,,1.83,73.62
ARVA,2014-06-01,26.87,21.2,9.1,0,,2.26,76.75
ARVA,2014-06-02,26.83,22.3,3.3,0,,1.12,74.88
ARVA,2014-06-03,19.18,22.6,7.6,2.8,,1.34,77.69
ARVA,2014-06-04,11.56,19.1,10.3,9,,3.12,87.06
ARVA,2014-06-05,27.41,20.2,5.1,0,,2.3,69.44
ARVA,2014-06-06,30.87,28.7,5.1,0,,2.2,72.12
ARVA,2014-06-07,26.23,28.9,11.8,1,,2.05,74.06
ARVA,2014-06-08,28.28,30.9,16.4,0,,1.38,81.75
ARVA,2014-06-09,26.17,30.8,14.9,0,,1.23,75
ARVA,2014-06-10,28.11,28.2,15.2,3.4,,2.06,82.5
ARVA,2014-06-11,26.79,25.2,15,0,,2.38,80.81
ARVA,2014-06-12,30.37,25.8,12.3,0,,2.75,72.62
ARVA,2014-06-13,30.97,25,10.2,0,,2.84,70.19
ARVA,2014-06-14,22.55,22.2,12,0,,3.57,72.81
ARVA,2014-06-15,27.26,22.4,8.9,0.2,,3.84,71
ARVA,2014-06-16,29.22,22.3,9.5,0,,3.63,72.19
ARVA,2014-06-17,26.9,22.7,10,0.2,,3.74,72.69
ARVA,2014-06-18,28.72,24.6,11.1,0.2,,3.38,70.44
ARVA,2014-06-19,29.11,22.9,10.5,0,,2.15,74.5
ARVA,2014-06-20,24.26,21.5,9.6,0,,2.64,68.75
ARVA,2014-06-21,32.52,24.4,3.3,0,,2,64.94
ARVA,2014-06-22,30.74,25.4,6.3,0,,2.4,60.25
ARVA,2014-06-23,25.41,24.3,8.2,0,,2.93,58.56
ARVA,2014-06-24,30.74,26.4,8.8,0,,2.17,60.44
ARVA,2014-06-25,30.22,22.3,9,0,,2.77,60.06
ARVA,2014-06-26,31.18,25.1,1.8,0,,1.38,52.69
ARVA,2014-06-27,24.7,25.8,9.9,0,,2.31,60.94
ARVA,2014-06-28,5.87,16.6,9.7,15.9,,1.3,88.56
ARVA,2014-06-29,12,17.9,12.2,4.8,,2.38,82.81
ARVA,2014-06-30,22.09,22.1,9.5,0,,1.65,73.62
ARVA,2014-07-01,25.17,24.4,6,0,,2.15,62
ARVA,2014-07-02,31.16,26,8.7,0,,1.91,56.88
ARVA,2014-07-03,31.42,30.2,6.7,0,,1.15,51.56
ARVA,2014-07-04,11.79,27.5,11.3,1,,1.6,70.31
ARVA,2014-07-05,8.12,22.8,16.3,3.4,,4.03,80.81
ARVA,2014-07-06,12.54,26.4,15.8,1.8,,3.51,81.88
ARVA,2014-07-07,19.03,23,6.4,17.1,,1.57,69.38
ARVA,2014-07-08,11.35,18.4,12.3,3.8,,2.59,85.19
ARVA,2014-07-09,5.97,15.8,11.8,19.8,,4,90.38
ARVA,2014-07-10,5.18,19,13,5.9,,3.85,87.88
ARVA,2014-07-11,5.05,17.4,14.6,0,,2.14,88.19
ARVA,2014-07-12,10.26,20.9,15.2,2.2,,1.56,79.69
ARVA,2014-07-13,11.39,22.1,15.2,11.2,,2.41,87.5
ARVA,2014-07-14,17.86,24,11.4,0,,1.85,78.5
ARVA,2014-07-15,19.97,26.3,8,0,,0.95,69.69
ARVA,2014-07-16,29.89,29.4,14.9,0.2,,1.09,67.31
ARVA,2014-07-17,29.64,31.7,11.3,0,,1.39,64.94
ARVA,2014-07-18,28.68,35.9,13.2,0,,2.54,65
ARVA,2014-07-19,16.32,30.9,20.6,0,,3.08,68.25
ARVA,2014-07-20,19.31,26.7,18.7,0,,1.81,84.06
ARVA,2014-07-21,12.9,25.7,17.3,1.2,,3.09,86.25
ARVA,2014-07-22,9.28,24.3,16.7,0.4,,3.06,82.5
ARVA,2014-07-23,22.77,30.2,16.6,0.2,,2.31,68.44
ARVA,2014-07-24,27.35,30.5,14.8,0,,2.19,60.88
ARVA,2014-07-25,26.93,28.2,11.1,4.7,,1.91,65.25
ARVA,2014-07-26,23.71,26.4,14.4,0,,1.69,68.81
ARVA,2014-07-27,21.84,28.5,11.9,16.2,,1.36,67.81
ARVA,2014-07-28,7.22,19.6,15.7,8.4,,1.41,83.19
ARVA,2014-07-29,6.02,21,14.7,6.7,,2.47,86.94
ARVA,2014-07-30,20.53,24.6,16.1,0,,2.96,74.25
ARVA,2014-07-31,24.87,27.6,9.4,0.2,,0.66,62.25
ARVA,2014-08-01,23.22,29.1,9.8,0,,0.59,59.38
ARVA,2014-08-02,17.45,26.4,14.5,1,,2.37,76.44
ARVA,2014-08-03,21.69,27.4,11.6,3,,1.72,72.19
ARVA,2014-08-04,13.64,22.7,13,11,,1.3,76.56
ARVA,2014-08-05,24.08,25.1,8.7,0,,1.17,65.62
ARVA,2014-08-06,9.66,22.1,10.7,3.4,,2.16,79.44
ARVA,2014-08-07,17.64,25.8,12.3,0.2,,0.74,70.75
ARVA,2014-08-08,11.72,27.1,13.4,27.6,,2.51,87.12
ARVA,2014-08-09,20.77,24,16.1,0.2,,2.72,77.88
ARVA,2014-08-10,9.63,25.5,14.9,17.9,,3.3,87.94
ARVA,2014-08-11,22.58,22.5,9.9,15.2,,3.25,72.62
ARVA,2014-08-12,20.49,22.7,11.8,0.8,,2.79,79.12
ARVA,2014-08-13,7.72,20.2,13,8.5,,2.1,89.69
ARVA,2014-08-14,20.11,21.2,11.3,4,,2.66,80.75
ARVA,2014-08-15,13.64,18.7,12.3,2,,2.81,85.31
ARVA,2014-08-16,22.38,22.6,7.1,0,,1.79,77.5
ARVA,2014-08-17,14.98,20.8,11.9,0,,3.48,74.5
ARVA,2014-08-18,17.16,20.7,12.3,0.2,,2.95,76.25
ARVA,2014-08-19,18.4,20.4,4,0.6,,2.37,75.5
ARVA,2014-08-20,21.47,20.4,6.6,0,,1.26,73.62
ARVA,2014-08-21,21.78,21,0.9,0,,1.46,69.44
ARVA,2014-08-22,19.2,21.9,5.6,1.8,,2.73,75.56
ARVA,2014-08-23,17.57,20.4,12.2,0.8,,2.09,79.5
ARVA,2014-08-24,21.15,21.2,2,0,,1.6,70
ARVA,2014-08-25,7.36,19.8,9.5,13.3,,2.95,85.94
ARVA,2014-08-26,10.93,20.8,12.9,2.4,,2.91,87.56
ARVA,2014-08-27,9.8,22.1,13.8,0.2,,1.13,85.44
ARVA,2014-08-28,13.75,25.8,9.4,1,,2.41,86.56
ARVA,2014-08-29,16.64,23.3,12,0.2,,1.73,81.81
ARVA,2014-08-30,14.61,21.5,7.4,0,,1.99,82
ARVA,2014-08-31,14.53,21.6,13.8,0.2,,2.41,84.44
ARVA,2014-09-01,21.53,22.4,3.7,0,,1.05,73.25
ARVA,2014-09-02,15.36,22.8,9.9,0,,1.41,73.56
ARVA,2014-09-03,19.64,23.5,7.7,0,,2.76,75.62
ARVA,2014-09-04,13.43,23,13,0.2,,2.43,79.62
ARVA,2014-09-05,17.71,26.6,8.3,0,,1.26,80.12
ARVA,2014-09-06,10.62,22.8,9.8,0,,1.2,80.81
ARVA,2014-09-07,15.73,23.2,8.8,0.2,,0.98,78
ARVA,2014-09-08,19.24,26.4,7.5,0,,1.61,75.94
ARVA,2014-09-09,19.04,24.3,11,0,,2.34,74
ARVA,2014-09-10,19.26,21.3,7.5,0,,2.91,71.94
ARVA,2014-09-11,16.82,21.8,6.7,0.2,,2.77,75.94
ARVA,2014-09-12,20.05,22.7,4.3,0,,2.48,74.81
ARVA,2014-09-13,13.34,22.2,11.2,0,,2.49,75.81
ARVA,2014-09-14,9.93,21,12.1,0.2,,2.09,78.94
ARVA,2014-09-15,14.94,23.8,9.7,0.2,,1.75,79.62
ARVA,2014-09-16,18.61,27,8,0.2,,1.45,75.12
ARVA,2014-09-17,14.47,27.7,9.9,4.8,,2.57,80.69
ARVA,2014-09-18,16.5,27.9,15.6,0.4,,1.98,86.06
ARVA,2014-09-19,14.23,25.5,10.2,0,,1.37,88.25
ARVA,2014-09-20,16,26.9,9,1.8,,1.14,82.69
ARVA,2014-09-21,6.65,19.2,11.5,17.2,,2.36,87.75
ARVA,2014-09-22,12.68,18.1,8.5,0,,2.52,77.5
ARVA,2014-09-23,17.52,18.3,0.2,0.2,,1.62,72.62
ARVA,2014-09-24,13.54,18.7,1.5,4.4,,1.8,77.94
ARVA,2014-09-25,13.56,19.2,3.6,0.2,,1.32,74.75
ARVA,2014-09-26,16.53,22,2.4,0.2,,1.41,70.81
ARVA,2014-09-27,15.56,24.4,4.3,0,,1.77,78.19
ARVA,2014-09-28,15.14,25.7,7.2,0.2,,2.42,74.56
ARVA,2014-09-29,4.29,19.1,7.5,3,,2.09,90.25
ARVA,2014-09-30,12.02,23,10.9,0.2,,0.89,83.25
ARVA,2014-10-01,10.51,22.5,8.2,0.2,,0.84,78.12
ARVA,2014-10-02,13.8,23.1,6.1,0,,1.22,77.25
ARVA,2014-10-03,14.79,23.7,5,0.2,,1.3,76.75
ARVA,2014-10-04,13.33,23.8,3.3,7.3,,1.52,79.94
ARVA,2014-10-05,1.7,12.4,11.3,4.8,,2.41,94.69
ARVA,2014-10-06,6.06,16.8,10.6,22.5,,3.06,82.38
ARVA,2014-10-07,5.05,17,11.6,6.2,,4.15,88.81
ARVA,2014-10-08,4.34,20.9,10,20.6,,4.21,91.69
ARVA,2014-10-09,4.49,17.2,13.6,2.6,,2.84,92.38
ARVA,2014-10-10,7.76,17.4,10.7,0.2,,0.93,89.44
ARVA,2014-10-11,9.49,19.1,7.5,0.2,,1.64,88.38
ARVA,2014-10-12,4.32,15.8,2.9,3.2,,3.3,93.25
ARVA,2014-10-13,10.73,20.3,11.9,0,,3.42,84.81
ARVA,2014-10-14,12.54,19.1,3.1,0.2,,1.55,79.25
ARVA,2014-10-15,5.25,17.6,4.7,11.9,,1.3,88.56
ARVA,2014-10-16,7.47,19.2,11.6,9.9,,2.69,91.56
ARVA,2014-10-17,5.85,18.3,11.6,0,,1.98,92.06
ARVA,2014-10-18,11.76,24.1,8.5,0,,2.71,90
ARVA,2014-10-19,10.73,22.5,10.5,0,,3.02,90.56
ARVA,2014-10-20,5.3,17.6,9.7,0.6,,1.48,95.69
ARVA,2014-10-21,4.54,16,6.4,3.2,,5.16,86.31
ARVA,2014-10-22,7.67,12.9,5.2,0.2,,3.75,82.75
ARVA,2014-10-23,3.23,13.6,3.3,0.8,,1.15,91
ARVA,2014-10-24,5.1,14.4,9.1,0.8,,1.55,87.69
ARVA,2014-10-25,4.57,15.7,9.6,0.2,,0.91,87.38
ARVA,2014-10-26,8.46,18.9,7.5,0,,1.2,91.81
ARVA,2014-10-27,7.54,17,1.1,0,,1.3,93.56
ARVA,2014-10-28,1.96,11,7.5,0,,1.8,94.69
ARVA,2014-10-29,2.92,10.4,2.8,0.8,,1.23,91
ARVA,2014-10-30,7.15,18.6,4.9,0,,1.57,93
ARVA,2014-10-31,7.04,19,8.9,0,,2.21,91
ARVA,2014-11-01,8.05,20.7,5.4,0.2,,2.21,91.56
ARVA,2014-11-02,5.34,18.9,7.3,4.3,,3.61,93.44
ARVA,2014-11-03,3.77,15.5,11.5,10.9,,4.95,93.25
ARVA,2014-11-04,2.03,10.3,6.1,1.6,,1.41,93.62
ARVA,2014-11-05,4.74,11.1,5,0.2,,1.66,94.88
ARVA,2014-11-06,6.32,10.4,0.2,0,,1.84,92.44
ARVA,2014-11-07,3.16,12.9,3.8,2.8,,4.41,90.06
ARVA,2014-11-08,6.49,13.6,5.1,0,,3.16,90.25
ARVA,2014-11-09,4.27,12.1,5.4,1.4,,2.57,95.19
ARVA,2014-11-10,6.64,13.1,4.8,0,,2.34,96.25
ARVA,2014-11-11,7.12,16.5,4,0,,3.88,94.56
ARVA,2014-11-12,4.09,14.1,6.7,0.2,,2.32,94.31
ARVA,2014-11-13,7.08,14,-0.4,0.4,,2.42,94.25
ARVA,2014-11-14,1.78,11.2,7,13.3,,2.61,96.88
ARVA,2014-11-15,3.76,13.6,6.8,1.6,,2.34,94.31
ARVA,2014-11-16,4.56,13.1,4.5,0.6,,2.43,95.81
ARVA,2014-11-17,2.99,11.3,7.8,0,,1.85,94.62
ARVA,2014-11-18,3.73,11.5,3.5,0.2,,1.22,91.69
ARVA,2014-11-19,3.02,7.4,-0.4,0,,1.23,98
ARVA,2014-11-20,3.79,10.1,5.2,0.2,,2.73,93.75
ARVA,2014-11-21,3.09,10.7,6.6,0.2,,2.04,95.5
ARVA,2014-11-22,4.83,14.2,2.4,0.2,,2.17,96.31
ARVA,2014-11-23,5.26,16.6,2.8,0.2,,2.32,96.5
ARVA,2014-11-24,3.19,12.4,7.1,0,,2.62,91.5
ARVA,2014-11-25,2.35,10.4,7,2.6,,3.48,92.19
ARVA,2014-11-26,1.01,12.1,7.5,1.6,,2.02,97.44
ARVA,2014-11-27,1.24,11.4,8.4,2,,2.3,97.12
ARVA,2014-11-28,3.05,11.5,7.5,0,,4.89,91.31
ARVA,2014-11-29,2.35,5.7,-2.5,0.2,,3.52,92.75
ARVA,2014-11-30,1.08,3.5,2.4,1.2,,1.55,93.44
ARVA,2014-12-01,0.62,3.9,2.1,0.6,,2.1,92
ARVA,2014-12-02,1.46,2.9,1.4,2,,1.36,95.12
ARVA,2014-12-03,1.74,3.7,1.2,0,,1.91,94.94
ARVA,2014-12-04,1.38,4,1.9,0,,1.59,95
ARVA,2014-12-05,3.11,7.4,3.2,0,,1.28,96.5
ARVA,2014-12-06,1.83,6.6,0.7,0.2,,1.97,97.12
ARVA,2014-12-07,2.36,5,0.7,1.4,,2.4,94.25
ARVA,2014-12-08,2.11,4.7,-0.7,2.2,,2.91,95.81
ARVA,2014-12-09,2.21,4.8,-1.6,1.2,,2.22,96.31
ARVA,2014-12-10,0.89,7,0.9,3.4,,3.89,97.12
ARVA,2014-12-11,1.8,8,5.2,1,,5.45,96.56
ARVA,2014-12-12,1.26,10.3,6.7,13.5,,7.14,94.62
ARVA,2014-12-13,1.25,7.4,3.6,8.2,,2.41,95.31
ARVA,2014-12-14,4.41,5.7,-3.4,0.4,,1.02,92.38
ARVA,2014-12-15,1.43,5.6,-1,2.4,,2.47,97.44
ARVA,2014-12-16,2.04,7.6,1.5,1,,1.42,98.69
ARVA,2014-12-17,0.61,11,2.7,10.9,,3.41,98.25
ARVA,2014-12-18,1.02,13.4,9.3,0.2,,4.55,96
ARVA,2014-12-19,0.75,11.3,9.9,6.5,,5.14,95.62
ARVA,2014-12-20,2.9,10.1,-1.4,0.4,,3.43,95.88
ARVA,2014-12-21,1.36,7.7,1.9,0,,3.36,96.12
ARVA,2014-12-22,1.2,8.5,6.3,1,,4.81,94.94
ARVA,2014-12-23,1.48,7.5,5.6,0.4,,3.48,95.69
ARVA,2014-12-24,1.9,9.4,4.8,0.8,,4.74,97
ARVA,2014-12-25,3.26,8.4,-0.3,0,,2.36,94.88
ARVA,2014-12-26,3.07,6.4,-6.6,9.9,,2.3,96.12
ARVA,2014-12-27,0.8,6.6,1,4.8,,7.53,92.69
ARVA,2014-12-28,4.77,-0.5,-4,0,,3.99,85.94
ARVA,2014-12-29,1.66,2,-11.3,0.2,,2.54,96.69
ARVA,2014-12-30,2.38,4.1,0.2,0.2,,1.39,98
ARVA,2014-12-31,1.53,5.1,0.8,0,,0.64,93.31
ARVA,2015-01-01,2.11,0.4,-6.8,0,,1.69,96.62
ARVA,2015-01-02,0.9,7,-1.7,1.6,,3.37,96.88
ARVA,2015-01-03,0.48,12.2,-0.8,10.1,,3.97,98.19
ARVA,2015-01-04,2.83,4.7,-3.4,0,,1.3,92.25
ARVA,2015-01-05,2.73,-1.5,-7.8,0,,1.41,96.56
ARVA,2015-01-06,3.4,1.4,-10.9,0.4,,2.45,95.75
ARVA,2015-01-07,1.75,6.5,0,0.2,,1.7,98.56
ARVA,2015-01-08,0.67,10,2.2,4.8,,4.7,97.12
ARVA,2015-01-09,1.83,13.6,3.6,2.8,,6.62,95.56
ARVA,2015-01-10,1.64,12.9,10.6,3.6,,6.24,93.88
ARVA,2015-01-11,4.58,8.3,2.7,0,,4.66,89.81
ARVA,2015-01-12,1.82,7.5,2.8,0,,5.77,89.75
ARVA,2015-01-13,3.23,11,3.9,3.2,,5.77,86.69
ARVA,2015-01-14,3.66,8,2.7,2.6,,5.19,93.44
ARVA,2015-01-15,1.78,10.2,1.7,1.6,,6.47,88.56
ARVA,2015-01-16,2.32,6.1,2.9,1.2,,1.41,92.25
ARVA,2015-01-17,2.03,4.2,-0.4,0.2,,1.77,96
ARVA,2015-01-18,6.44,6,-2,0.2,,3.08,92.12
ARVA,2015-01-19,1.96,-0.1,-10,0,,1.05,91.94
ARVA,2015-01-20,3.39,1.3,-2.3,0.2,,0.94,91.06
ARVA,2015-01-21,7.05,4.3,-3.9,0.2,,2.27,93.88
ARVA,2015-01-22,1.58,2.6,-3.2,0,,1.88,93.19
ARVA,2015-01-23,6.07,5.7,-0.1,0,,1.41,91.62
ARVA,2015-01-24,2.55,3.8,-8.7,7,,3.67,94.94
ARVA,2015-01-25,2.9,3.2,0.3,2,,1.55,97.25
ARVA,2015-01-26,1.1,7.3,1.1,6.3,,2.89,98.25
ARVA,2015-01-27,3.45,5.8,1.1,0.2,,1.66,99
ARVA,2015-01-28,2.12,6.7,1.4,4.4,,4.31,96.69
ARVA,2015-01-29,1.78,5.3,1.2,3.8,,4.72,96.44
ARVA,2015-01-30,1.63,2.6,0.1,10,,3.52,97.38
ARVA,2015-01-31,4.25,4.1,-0.4,8,,2.56,95.62
ARVA,2015-02-01,2.55,3.5,0.2,3,,4.49,96
ARVA,2015-02-02,4.14,3.8,-1.7,0.2,,2.16,89.06
ARVA,2015-02-03,5.53,2.8,-4.1,0,,1.21,87.38
ARVA,2015-02-04,8.78,4.5,-5.2,1,,2.98,92.56
ARVA,2015-02-05,8.98,2,-5,0,,4.44,88.25
ARVA,2015-02-06,8.95,2.6,-3.4,0,,5.84,85.56
ARVA,2015-02-07,9.41,5.8,-4.5,0,,3.12,89.5
ARVA,2015-02-08,4.36,6.1,-0.5,0,,3.48,91.88
ARVA,2015-02-09,2.89,3.3,-1.8,0,,1.73,96.94
ARVA,2015-02-10,3.21,6.3,1.7,0,,1.95,95.94
ARVA,2015-02-11,7.38,7.7,-2.1,0,,2.2,93.88
ARVA,2015-02-12,10.19,9.8,-9,0.2,,1.39,95.38
ARVA,2015-02-13,9.93,13.2,-6.5,3.6,,3.5,93.38
ARVA,2015-02-14,4.18,9.5,4.9,1.8,,3.7,95.5
ARVA,2015-02-15,8.33,11.2,2.5,0,,2.57,93.75
ARVA,2015-02-16,2.77,3.3,-4.6,0,,1.14,92.12
ARVA,2015-02-17,2.45,6.6,2.8,0,,1.51,95.12
ARVA,2015-02-18,6.86,8.4,-3.1,0.2,,1.44,91.75
ARVA,2015-02-19,6.47,6,-6,0,,2.46,92.44
ARVA,2015-02-20,3.78,10.3,3.4,13.1,,5.31,92.5
ARVA,2015-02-21,6.62,7.1,1.6,0.4,,2.95,91.06
ARVA,2015-02-22,8.68,7.3,-4.6,7.5,,2.29,83.75
ARVA,2015-02-23,7.11,11.7,1.7,6.2,,4.22,91.38
ARVA,2015-02-24,9.59,10.6,0.2,0,,3.61,96.38
ARVA,2015-02-25,5.45,7.9,-1.6,0.4,,2.42,96.81
ARVA,2015-02-26,4.09,9.3,4.9,7.7,,2.63,95.75
ARVA,2015-02-27,9.16,8.1,3.3,0,,3.74,86.81
ARVA,2015-02-28,12.64,9.8,-8,4,,3.17,84.69
ARVA,2015-03-01,6.72,13.4,4.8,4.6,,4.73,94
ARVA,2015-03-02,10.24,11.3,2.2,2.4,,4.79,86.75
ARVA,2015-03-03,10.63,10.5,-0.6,3.4,,3.65,88.62
ARVA,2015-03-04,10.88,10.4,-1.8,0.2,,2.73,89.75
ARVA,2015-03-05,13.17,9.8,-0.4,0.2,,2.09,87.56
ARVA,2015-03-06,13.88,11.1,-7.5,0,,0.95,78.19
ARVA,2015-03-07,12.02,13.2,-8,0.2,,1.62,82.69
ARVA,2015-03-08,14.58,17,-6.7,0,,1.41,84.69
ARVA,2015-03-09,10.8,15,-1.4,0.4,,1.39,89.62
ARVA,2015-03-10,4.02,11.1,-1.9,0.8,,1.27,95.62
ARVA,2015-03-11,14.69,12.8,-2.7,0.2,,2.27,83
ARVA,2015-03-12,17.39,14,-7.2,0,,2.9,80.12
ARVA,2015-03-13,15.93,12.1,-5.9,0,,2.84,83.25
ARVA,2015-03-14,13.83,12.1,-0.9,0,,3.26,85.5
ARVA,2015-03-15,8.86,9.3,2.7,0,,2.63,90.25
ARVA,2015-03-16,15.99,14.5,-3.2,0.2,,1.55,88.75
ARVA,2015-03-17,16.68,18.4,-5.3,0.2,,1.25,81.81
ARVA,2015-03-18,15.54,19.2,-2.5,0,,2.51,87.06
ARVA,2015-03-19,3.53,7.9,5.1,0.2,,2.74,88.69
ARVA,2015-03-20,14.26,14.6,0.3,0,,2.16,89.62
ARVA,2015-03-21,5.97,10.2,2.3,0,,3.01,91
ARVA,2015-03-22,12.95,11,2,0,,3.71,83.56
ARVA,2015-03-23,17.92,13.9,-6.7,0.2,,1.16,84.06
ARVA,2015-03-24,6.75,10.7,-3.9,6.8,,1.45,85.75
ARVA,2015-03-25,4.5,6.8,3.5,0,,2.97,92.81
ARVA,2015-03-26,8.86,9.2,-5.2,6,,3.23,89.5
ARVA,2015-03-27,16.41,11.4,-0.3,0.2,,2.53,82.19
ARVA,2015-03-28,5.66,14,-0.9,1.8,,3.48,94.44
ARVA,2015-03-29,3.65,12.5,9.4,11.1,,6.86,92.19
ARVA,2015-03-30,13.93,12.9,8,0.6,,5.02,81.75
ARVA,2015-03-31,13.01,13.7,8.4,3.2,,7.69,80.69
ARVA,2015-04-01,15.15,11.6,2.8,0,,4.77,78.5
ARVA,2015-04-02,6.86,9.5,3.3,2.2,,4.11,85.06
ARVA,2015-04-03,4.04,8.4,-5.9,4.4,,1.75,94.38
ARVA,2015-04-04,5.45,8.4,4.3,1,,2.97,88.44
ARVA,2015-04-05,20.49,12.3,-1.1,0,,2.88,79.31
ARVA,2015-04-06,19.68,13.2,-6.3,0.2,,1.97,79.12
ARVA,2015-04-07,23.18,15.1,-5.4,0.2,,1.53,70.12
ARVA,2015-04-08,21.83,17.5,-3.9,0,,1.2,68.31
ARVA,2015-04-09,23.54,21.2,-3.7,0,,1.23,68.56
ARVA,2015-04-10,22.97,22.7,-3.7,0.2,,2.55,78.88
ARVA,2015-04-11,7.54,16.1,4.2,0.6,,3.58,86.69
ARVA,2015-04-12,22.38,18.9,-1,0,,1.46,80.44
ARVA,2015-04-13,23.28,19,-0.7,0,,1.76,83.12
ARVA,2015-04-14,24.25,23.7,-0.7,0,,1.79,72.94
ARVA,2015-04-15,23.32,25.7,0,0.2,,1.85,65.44
ARVA,2015-04-16,18.1,22.7,2,0,,1.66,81.62
ARVA,2015-04-17,12.41,18.8,8.1,0.4,,1.91,85.62
ARVA,2015-04-18,26.13,16.6,2.9,0,,3.88,72.69
ARVA,2015-04-19,26.54,18.9,-2.9,0.2,,3.2,72.81
ARVA,2015-04-20,24.13,21.3,-2,0,,2.45,75.19
ARVA,2015-04-21,26.43,23.5,-0.1,0,,2.26,75.75
ARVA,2015-04-22,27.14,21.6,1.7,0,,2.97,77.25
ARVA,2015-04-23,27.35,20.4,-1.7,0,,1.94,65.62
ARVA,2015-04-24,24.76,23.1,-2.8,4,,1.66,72.62
ARVA,2015-04-25,10.27,18.7,8.1,3,,2.12,90.19
ARVA,2015-04-26,15.9,19.8,6.4,11.1,,1.79,86.94
ARVA,2015-04-27,6.71,10.6,8.6,2.4,,3.69,86.75
ARVA,2015-04-28,21.86,14.3,2.1,0,,2.58,72.88
ARVA,2015-04-29,18.15,16,-3.5,0.4,,2.05,76
ARVA,2015-04-30,6.95,10.3,2,15.5,,3.2,90.5
ARVA,2015-05-01,7.76,11.3,6.8,1.8,,2.89,92.75
ARVA,2015-05-02,8.06,14.3,6.8,6.5,,1.77,93.38
ARVA,2015-05-03,7.43,19.8,11.2,9.1,,3.54,93.06
ARVA,2015-05-04,19.47,20.7,9.6,1.4,,3.02,85.88
ARVA,2015-05-05,23.61,21.1,15.6,0.2,,5.04,78.94
ARVA,2015-05-06,22.37,17.2,3.3,2,,4.29,77.44
ARVA,2015-05-07,24.64,18.7,5.8,0,,2,74.75
ARVA,2015-05-08,15.24,19.3,2.2,0,,1.93,77.75
ARVA,2015-05-09,22.77,20.7,11.9,0.2,,3.41,79.88
ARVA,2015-05-10,23.9,21.9,4.7,0,,1.08,79.25
ARVA,2015-05-11,24.49,26.9,4.7,0.2,,1.71,76.56
ARVA,2015-05-12,21.84,22.6,9.5,0,,2.74,84.38
ARVA,2015-05-13,24.4,21,-0.5,0,,1.67,76.31
ARVA,2015-05-14,10.1,19.2,9.9,8,,2.05,84.62
ARVA,2015-05-15,12.09,16.7,1.3,0.6,,3.1,86.75
ARVA,2015-05-16,15.14,16.2,-0.4,0.6,,2.37,87.81
ARVA,2015-05-17,28.11,20.1,1.7,0.2,,1.34,75.44
ARVA,2015-05-18,28.87,21.5,0.2,0.4,,2.99,75.38
ARVA,2015-05-19,22.42,16.6,5,0.4,,3.5,76.75
ARVA,2015-05-20,22.47,15.1,4.6,3.4,,2.3,80.62
ARVA,2015-05-21,26.77,18.5,-1.5,0,,1.78,76.12
ARVA,2015-05-22,27.25,20.3,1.2,0,,1.6,74.56
ARVA,2015-05-23,22.13,21.2,4.7,0,,2.53,80.44
ARVA,2015-05-24,28.52,21.6,10.5,0.6,,1.49,78.06
ARVA,2015-05-25,13.92,20.7,5.2,0.8,,2.38,83
ARVA,2015-05-26,20.48,17.5,4.7,0,,2.47,75.69
ARVA,2015-05-27,27.58,20.2,2.1,0,,1.23,71.12
ARVA,2015-05-28,21.96,21.6,5.5,0,,2.63,77.5
ARVA,2015-05-29,14.58,19.1,3,1.4,,2.21,82.12
ARVA,2015-05-30,26.16,19.1,8.8,0,,2.27,70.94
ARVA,2015-05-31,12.13,19.2,3.2,3.6,,3.7,85.38
ARVA,2015-06-01,23.11,18.4,9.5,0,,2.09,75.56
ARVA,2015-06-02,24.07,25.2,9.2,0,,4.17,75.81
ARVA,2015-06-03,19.15,21.2,9.4,0.4,,2.5,80.88
ARVA,2015-06-04,32.11,27.2,2.6,0,,1.66,75.69
ARVA,2015-06-05,30.33,33,9.8,0,,2.31,78.56
ARVA,2015-06-06,30.95,22.5,12.5,0,,2.98,71.94
ARVA,2015-06-07,30.41,23.7,7.6,0,,3.03,69.31
ARVA,2015-06-08,31.94,22.2,7.9,0,,4.47,68.12
ARVA,2015-06-09,25.16,20.8,10.6,0,,4.61,65.94
ARVA,2015-06-10,28.63,23.8,8.1,0,,3.66,73.69
ARVA,2015-06-11,29.38,28.7,9.5,0,,2.7,79.75
ARVA,2015-06-12,19.69,29.1,16.8,8.3,,2.84,79.19
ARVA,2015-06-13,26.46,25.8,14.3,0,,2.23,76.56
ARVA,2015-06-14,27.24,25.8,8.6,0,,1.82,74.38
ARVA,2015-06-15,20.13,24.6,13.5,0,,2.53,78.25
ARVA,2015-06-16,25.36,22.4,13.7,0,,3.13,67.75
ARVA,2015-06-17,28.7,24.4,6.1,0,,1.88,69.62
ARVA,2015-06-18,10.41,20.5,12.7,1.4,,2.98,83.06
ARVA,2015-06-19,18.61,20.3,1.7,0,,2.23,71.44
ARVA,2015-06-20,20.07,21,6.4,1.6,,1.92,77.5
ARVA,2015-06-21,19.31,24.2,13.7,0,,2.59,80.56
ARVA,2015-06-22,7.62,17.3,8.5,4.8,,2.88,85.75
ARVA,2015-06-23,16.77,19.1,5.9,0,,2.66,79.25
ARVA,2015-06-24,28.94,23.9,1.4,0,,0.73,70.25
ARVA,2015-06-25,24.44,27.6,7.2,0.2,,1.04,63.38
ARVA,2015-06-26,23.5,30.2,8.5,0,,1.57,63.88
ARVA,2015-06-27,27.16,25.4,15.2,0,,2.85,71.19
ARVA,2015-06-28,28.97,28.6,4.9,0,,0.88,63.31
ARVA,2015-06-29,27.06,27.5,13.8,0,,2.05,65.94
ARVA,2015-06-30,30.25,32.6,6.9,0,,2.21,62.19
ARVA,2015-07-01,29.11,36.6,13.8,0,,2.72,60.75
ARVA,2015-07-02,25.87,36.1,20.9,0,,2.5,66.94
ARVA,2015-07-03,26.21,35.9,17.8,0,,2.23,68
ARVA,2015-07-04,19.32,35.1,17.5,0,,1.91,60.44
ARVA,2015-07-05,19.68,32.3,18.1,0,,2.55,72.5
ARVA,2015-07-06,29.91,30.6,6.2,0,,1.12,58.62
ARVA,2015-07-07,14.54,28.9,12.6,2.4,,3.07,60.5
ARVA,2015-07-08,14.46,21.7,13,0.4,,4.52,67.56
ARVA,2015-07-09,24.02,22,12.4,0,,2.93,64.06
ARVA,2015-07-10,30.04,28.6,3.3,0,,2.32,51.69
ARVA,2015-07-11,28.46,31.6,5.9,0,,2.99,56.62
ARVA,2015-07-12,16.55,24.3,5.3,0.2,,2.02,67.5
ARVA,2015-07-13,12.06,25.2,14.8,0,,2.59,68.56
ARVA,2015-07-14,19.16,27.9,11.6,0,,2.75,69.44
ARVA,2015-07-15,23.31,29.8,10.5,0.2,,1.59,65.62
ARVA,2015-07-16,26.97,35.5,15.3,0,,2.09,56.25
ARVA,2015-07-17,27.12,33.2,21.2,0,,2.84,52.94
ARVA,2015-07-18,22.75,30.1,14.3,7.5,,1.95,62.44
ARVA,2015-07-19,11.75,25.4,15.3,0,,2.74,74.62
ARVA,2015-07-20,12.39,25.8,17.4,1.4,,2.64,73.06
ARVA,2015-07-21,25.8,31.5,16.4,0,,2.3,60.31
ARVA,2015-07-22,20.18,27.7,16.5,0,,2.38,67.62
ARVA,2015-07-23,21.65,25.5,14.2,0,,2.26,52.56
ARVA,2015-07-24,16.23,29.3,7.8,6.3,,2.27,65.81
ARVA,2015-07-25,14.73,21.3,14.7,0,,4.89,65.88
ARVA,2015-07-26,11.91,22.9,3.5,3.4,,3.23,66
ARVA,2015-07-27,14.08,22.6,14,0.6,,5.12,70.25
ARVA,2015-07-28,14.16,20.1,10.7,0.8,,4.11,61.88
ARVA,2015-07-29,21.96,21.4,11.6,0,,2.9,65.31
ARVA,2015-07-30,23.24,21.7,2.4,0,,2.34,63.5
ARVA,2015-07-31,24.48,24.1,1,0,,1.74,61.88
ARVA,2015-08-01,25.77,27,5.8,0,,1.7,52.69
ARVA,2015-08-02,26.91,30.2,6.2,0,,1.27,51.12
ARVA,2015-08-03,25.8,35,10,1.4,,2.09,47.62
ARVA,2015-08-04,13.93,24.6,16.4,5.9,,2.7,66.25
ARVA,2015-08-05,25.45,30.5,6.7,0,,2.07,54.69
ARVA,2015-08-06,23.32,31.8,13.7,0,,1.96,54.31
ARVA,2015-08-07,23.24,32.6,16.4,4.1,,2.62,59.5
ARVA,2015-08-08,18.12,28.4,15.6,0.2,,3.21,64.88
ARVA,2015-08-09,10.54,22.5,15.2,7.7,,2.41,80.19
ARVA,2015-08-10,22.24,28.1,14,0,,2.07,69.56
ARVA,2015-08-11,24.25,30.2,11.5,0.2,,2.25,62.62
ARVA,2015-08-12,21.83,33.1,18.1,0,,1.83,63.62
ARVA,2015-08-13,17.53,34.4,19.6,1.6,,2.69,76.44
ARVA,2015-08-14,13.44,26.7,14.7,7.7,,2.85,74.62
ARVA,2015-08-15,5.19,17.5,16.3,10.7,,2.98,83.75
ARVA,2015-08-16,16.5,22.5,14,0,,1.97,70.94
ARVA,2015-08-17,12.73,18.7,11.3,0,,2.02,68.81
ARVA,2015-08-18,13.23,20.7,6.8,0,,1.38,69.56
ARVA,2015-08-19,22.34,25.5,4.2,0,,0.88,57.94
ARVA,2015-08-20,12.77,24.2,13.5,0.4,,1.34,68.44
ARVA,2015-08-21,22.74,29.3,8.8,0,,1.13,61.06
ARVA,2015-08-22,23.32,29.4,8.2,0,,2.45,51.25
ARVA,2015-08-23,9.68,26.2,16.7,4.8,,3.21,77.94
ARVA,2015-08-24,13.49,23.6,9.8,3.2,,5.94,75.62
ARVA,2015-08-25,16.97,22.8,10.9,0,,4.24,66.75
ARVA,2015-08-26,20.25,29.5,13.7,5.6,,3.7,62.19
ARVA,2015-08-27,3.03,17.1,13.2,22.7,,1.79,88.31
ARVA,2015-08-28,12.53,20.5,13,0.4,,1.1,80.75
ARVA,2015-08-29,20.94,31.1,10.2,0,,1.24,72.69
ARVA,2015-08-30,20.83,34.3,15,0,,2.29,61.88
ARVA,2015-08-31,17.66,32.4,12.3,20.6,,3.05,68.06
